"year","1","2","3","4","5","6","7","8","9","10","11","12","13","14","15","16","17","18","19","20","21","22","23","24","25","26","27","28","29","30","31","32","33","34","35","36","37","38","39","40","41","42","43","44","45","46","47","48","49","50","51","52","53","54","55","56","57","58","59","60","61","62","63","64","65","66","67","68","69","70"
1980,0.00136300568196086,0.000395890984084958,0.00261603433627602,0.0484407967878641,0.0162893598052652,0.00984876028667728,0.00409011251931699,0.0080504899911773,0.0562579341219505,0.00346333669182623,0.0148314415599777,0.0567044654546423,0.00320869091140112,0.0664708078663136,0.0015368128853384,0.00210713491123804,0.00217529084314922,0.00984540065574351,0.00559788368218504,0.0119360471988813,0.015701352403637,0.0288762433355302,0.0554186269152479,0.00426791137900559,0.0416194077242125,0.000651495063635599,0.00283286976742754,0.00775194943140814,0.0159444756965947,0.0687763837214175,0.000879273446856095,0.00164126693116399,0.00447167280711028,0.00341120873445652,0.00826121510360838,0.00244650629146164,0.00692961979807909,0.00273398332259167,0.0139840508478938,0.0163455871697244,0.0160976096249381,0.00766187279076482,0.00529664487479803,0.0356038674049727,0.00786529541915499,0.0267640820923653,0.00528808602058894,0.00623800574318522,0.00547104748814618,0.0570443141881199,0.0169788011913059,0.000936882202086934,0.00355649501993155,0.00780377702055145,0.00516827400981802,0.000363781687291922,0.0401360901466421,0.000641928533611464,0.0174099056022146,0.0118051649925789,0.0181442404507656,0.00735932558018872,0.0143753778546899,0.00312996212708879,0.00206046304654671,0.00733610553133031,0.0075162728452031,0.00711675962911746,0.0246338851544331,0.00202088466123677
1981,0.00167347032113981,0.000357432682028592,0.00551237250436181,0.0637918539365013,0.104318242500336,0.00825069652989399,0.00728526061961276,0.00608892738105541,0.0709659525556405,0.00488316201650419,0.0100666945283838,0.0780262220286766,0.0024576086008155,0.0476197872458754,0.00142206940405205,0.00755671314468388,0.00579262009704498,0.0142093538479482,0.00832922273840475,0.00887185894963931,0.0120763020882368,0.0278948390318982,0.0101285543267544,0.00457809135447871,0.0333932565764683,0.000528731248385274,0.00230619186630631,0.0103285141030287,0.0170604916362933,0.059949265271344,0.00420563767354713,0.00435458454733031,0.00347468137624076,0.00730749972015673,0.00910368724842319,0.00244847023415648,0.0123388728241289,0.00391771288688453,0.00749625873464231,0.016648859272339,0.00858621423164451,0.00659970334619569,0.00331337297741221,0.0344416596152369,0.0149202540432072,0.0208217513608934,0.00080598685960032,0.00336993428194092,0.00420307514895758,0.0557457625415876,0.0136079205658231,0.00410002354082258,0.00300000859052264,0.00513381513412463,0.00353233118147849,0.000358396129182232,0.0209702841666515,0.000886478304280542,0.00727896867725762,0.00722999683826255,0.00381182112987665,0.00412678862868702,0.00950946562937671,0.00372862205419758,0.00165312582012418,0.00539611800073207,0.0072415308498749,0.0058381236540275,0.0310350606864245,0.00173338235795504
1982,0.00182406560721107,0.000370809479448054,0.0215649559391701,0.061550014813665,0.0124233955648708,0.00684688808529674,0.00742128484351669,0.0101914604780457,0.0389235830539773,0.00230162546006526,0.0193314846951863,0.0532434329167976,0.00326550102839523,0.0544204571170811,0.00153340478498706,0.00563455767373599,0.00232715912388327,0.0137456786553365,0.0166792868865631,0.00912740219554327,0.0125103480806923,0.0211248329323086,0.00893745750390462,0.00525944245598646,0.0535398293813021,0.000589088560161091,0.00158564983094615,0.00728863424294325,0.025100522359253,0.0446929673527925,0.0018942762606883,0.00281031060614537,0.000783671924589973,0.00504194446309308,0.0198528668444226,0.00183500657232729,0.0126191710163402,0.00270709953520688,0.0103855534035052,0.0210662502650162,0.0105750141594916,0.00173779078384358,0.0012231654387003,0.0555456098765706,0.0185033744975988,0.0433843706647695,0.00077518726785809,0.00776253563403651,0.00604180692074324,0.0377474362892331,0.0580613780307004,0.00689519989464246,0.00188055504458948,0.00280263367275416,0.00335099672363799,0.000464159433482884,0.0211832860436465,0.000962979450130838,0.0224458535635565,0.00811284424919044,0.00616366074515574,0.0027802049356317,0.0186476154342413,0.00212624740896822,0.00126474215991823,0.00629160524282473,0.0113270141553482,0.0159658664552469,0.0220022157135405,0.00162327811554652
1983,0.00192119914207221,0.000434528240714468,0.0562686684547956,0.0548764181204154,0.0196912495045494,0.0105588688599262,0.00209862541301139,0.00744495109996701,0.0641865358482096,0.00249266305437021,0.00621791551532537,0.0549853839663146,0.00300639536787832,0.0491819171455016,0.00356865151334696,0.00309686563033134,0.00762287059268898,0.00409347297448225,0.0369813735958167,0.00706187207021783,0.0127551272127765,0.0205643162491601,0.0182182149917029,0.0144122508147493,0.031062198590113,0.000203745769638242,0.0010731922063652,0.0147559207024285,0.0272888453116878,0.017306916238495,0.00203008459714289,0.00217451878849028,0.00114339035249839,0.00441742431912348,0.0566470295357111,0.00228288470320443,0.00726271140775257,0.00294066457749047,0.0133284711976308,0.0112208580137183,0.0126706045515922,0.00314187691004822,0.00149678720470902,0.0184380786814122,0.0107011746301819,0.022270379623669,0.00210467255388172,0.00407816645254617,0.0078019791867674,0.0727146974222366,0.0565294826465629,0.00802531001481529,0.0015789889678985,0.00351500029373183,0.00340456714406382,0.000293759094848966,0.0167662982403452,0.00153355979410908,0.00450257481896539,0.00357672191403762,0.00224679712591073,0.00302113774110336,0.0156435667083594,0.00280477802566549,0.00151078015842189,0.003508090950218,0.0186492050591691,0.00413628450221496,0.0348670379220121,0.00158844997068713
1984,0.00150590431529517,0.000386008375995172,0.0260404289564094,0.0386283551488694,0.00908965302949163,0.0103966854783097,0.00985156181985567,0.0451341427987924,0.152261984134773,0.00267013150367511,0.00989281440950511,0.0236550903659863,0.00163557070932243,0.0499374434525915,0.0030035124137582,0.0014504269646855,0.00493701997163428,0.00646107263196137,0.0274976409538744,0.00464430494397762,0.00864385252842822,0.0173577608011406,0.00559650276217452,0.00282712992121664,0.0164122911036934,0.000533355126410431,0.00175053471394528,0.00617269064568215,0.0186137616811365,0.0354185749491593,0.00711023309644455,0.00521853237278755,0.00214097086828751,0.00477565174262047,0.102334860361491,0.00467911639606459,0.00262822685728409,0.00653244191468622,0.0077332532121034,0.0160496552847566,0.0201432235236777,0.00211691375965665,0.0025848844371939,0.0258943891121328,0.00653273502894241,0.0455202349809834,0.000755981911876352,0.00443449283044537,0.00373810873086782,0.0277873780329239,0.0175311211775778,0.00779486658065263,0.00586674618741715,0.00619642117511104,0.001676287808438,0.000408116033478799,0.0175778117902376,0.000851396558036193,0.00319851543315402,0.00421785247414733,0.00134551103618458,0.0040266737944712,0.0169527154971021,0.00218529915153644,0.00169271891508356,0.0109989393265724,0.00813531658515284,0.00512236803024114,0.0417306882748285,0.00137314310360025
1985,0.00154542517631096,0.000529377364814555,0.0328304764118511,0.0275673266149801,0.0109171884341382,0.0109572271856035,0.00236030945114357,0.0743779273316105,0.0948649338382385,0.00299229170183209,0.00688979545693531,0.016930024337356,0.00159957225774192,0.0318162900933824,0.00120440609135696,0.00638195643388106,0.00228481276482446,0.00349078771672669,0.0221803408140055,0.00724311706945438,0.00885720434802128,0.0210301072365744,0.00942058726637217,0.0066776876036565,0.0159921881498043,0.000179963882404947,0.00315064681880314,0.00892742058008176,0.0209430224052047,0.00918840787819894,0.00678026965000288,0.00231844511639533,0.00816461668958226,0.0047308879204708,0.207016197750489,0.00189971696846394,0.00423208925194181,0.00295351001223995,0.0124203269114933,0.00867114361405485,0.00418609489200315,0.0112027838824816,0.00211078876417853,0.00394099654771788,0.0087927818713463,0.0306351180114924,0.00191002780299222,0.00410349010398892,0.00727533744596995,0.0359513256329802,0.02048074959249,0.00745828480927894,0.000748634777601731,0.00407558838069507,0.00233736389791286,0.000606390708195253,0.028021381387949,0.0040272871049341,0.00804079627590539,0.00138779120358986,0.00181567983561151,0.00169088577139394,0.00933512920049372,0.00291188863827799,0.00216760030617332,0.00399677848000344,0.0109463197186045,0.0156979309259302,0.0398032037144219,0.00182354371494194
1986,0.00100093196837353,0.000317076279128861,0.00292641637658781,0.0806355291060385,0.0108544389666704,0.00534915195411133,0.0143913885830077,0.044167291590518,0.0749784451202655,0.00241140404067677,0.0140660309663363,0.104525706722223,0.00133903576741035,0.0469418266415205,0.00586854573600599,0.00386003245757257,0.00223727714633922,0.00598167566129912,0.0017689003109669,0.00314196128074958,0.0102904191441032,0.041667177101622,0.0212690114086706,0.0223927357472165,0.0242741681511608,0.000699320498678358,0.00168064526326449,0.00408789961625812,0.0188814259538841,0.0238763575339767,0.00684345820203545,0.00112695003295048,0.00503917163034034,0.00713465563951979,0.0119006039813106,0.0015762333156673,0.00979871143996499,0.00263769762847196,0.0102577157907184,0.0133290257270431,0.00702548274057374,0.0120812316290406,0.00407569335808253,0.0477694275042667,0.0118191784355627,0.0203140543273886,0.00040388641206493,0.00493987723273564,0.00614664630815726,0.0424894685728799,0.0131452455281671,0.0101749288163402,0.00357447123192581,0.00693720555135732,0.00614248997097161,0.000782120632661265,0.0343112878632671,0.00257758016670401,0.00335359039186602,0.0027592778467697,0.00299138317835649,0.00336792878483969,0.0342235311873073,0.00283349025162332,0.00245500025223905,0.0079837370597661,0.0064891278429284,0.00600145517062201,0.0258849398324446,0.00141981143643132
1987,0.00182386465196659,0.000390093602863581,0.00740552868522677,0.0457368237271751,0.0107699525369509,0.0163004556127031,0.00741540088451914,0.143475802124182,0.0806393277596322,0.00228031283970996,0.00638540043411492,0.0131939527212947,0.00204630089217966,0.0437007667313159,0.00125774422868311,0.00988838372392436,0.00427416229517918,0.0151028134454101,0.0151773852135687,0.00179651494763893,0.0074678844842359,0.0198155140933503,0.0341317654529148,0.0354754165083495,0.0181949454747892,0.000523794566368688,0.00503284411872315,0.00968619869747567,0.0332008711072107,0.047529216627134,0.00476821205619537,0.0074374016200508,0.00565999404961753,0.0110407194012529,0.0415004801885033,0.0112343067434578,0.00464473059896745,0.00158130750430513,0.00635667621166392,0.00936629789397294,0.00828272655381116,0.00650494631088599,0.00618097517332534,0.0205634383546187,0.00891757444324996,0.0208521473623972,0.000997090578579297,0.0061584709640532,0.0155984874999683,0.0172574110830555,0.0129389514241652,0.00388654539009947,0.00273228295135209,0.00196725732174494,0.00624595824797008,0.00107540879287369,0.016109507906872,0.00117210503364206,0.00327515512208694,0.00371845679366906,0.00375953579012674,0.00479636379827103,0.0202367390721024,0.002265967021585,0.00167138408157469,0.00748148878208005,0.00873566066481596,0.00987802872012516,0.0313177463367591,0.00171262396736146
1988,0.00130503272853284,0.000389596830762368,0.0449731191624161,0.0200340008704562,0.00782448461428581,0.0483253223006503,0.000977564928615222,0.0259668908917076,0.0913423629186158,0.00129429236976169,0.00806807162109697,0.0142177472851757,0.00235590716922572,0.0298620703752636,0.00166909640723393,0.0113520934671639,0.00895069069587288,0.00369249180504472,0.0153217649973634,0.00455697764984207,0.00803254203752117,0.0120208838024134,0.00944650557375515,0.0240541362531435,0.0104732261474321,0.000220102429554526,0.00105690887009514,0.015061207252238,0.0295467012428859,0.0332307967656871,0.00983527621220327,0.0045884565939864,0.00727558371715991,0.00485329407052592,0.227445500896589,0.00189818735887489,0.00710835530581946,0.00311442560243869,0.00750941902014055,0.0113042109318397,0.0100762155019459,0.00372268555354146,0.00364952482857753,0.014855755466,0.0113262321723201,0.0176340837920636,0.0068223965106445,0.00336836303887598,0.0090422741567275,0.00786709654345109,0.00874076023003532,0.00645279583805049,0.00119575781579901,0.00189636895945077,0.00481782534550932,0.000272187323570801,0.024683437647488,0.00227714039728992,0.0070119828942909,0.000742311699840275,0.000907973106987448,0.00142963225909892,0.00963577145738529,0.00213808064408781,0.00346932534852563,0.00118165477946531,0.00931262450657032,0.0128052030110225,0.0404698506997109,0.00163938929828291
1989,0.00166127829841854,0.000374309105594359,0.00893553670477619,0.0266433324349159,0.0122814231788277,0.0973408495121954,0.00851274706767467,0.0553929210155888,0.102536686593172,0.00635955336502993,0.0136784897818059,0.0430560592207619,0.0022530647177239,0.0446088140536262,0.00291677909826154,0.0133354431732323,0.00716646940563561,0.00363351030281517,0.0149214791779447,0.00479216183004855,0.0107556607012768,0.0285496846916988,0.00344747434327522,0.0151405015052829,0.0155155005396395,0.000713416898926078,0.00312242499593879,0.0136413576770554,0.0253306012720394,0.0130620074929807,0.0121879988212738,0.003314020763036,0.00647500541056958,0.0143908821568693,0.0317940280790359,0.00953447706118099,0.0208988191085103,0.00360249625507821,0.00733222966602328,0.0182732518377728,0.0113445036756331,0.0112410782767769,0.00359681687738711,0.0102624289121815,0.0199229573118702,0.0246861416777202,0.00776568033875508,0.00565785085158752,0.00917159391542719,0.0295390049077649,0.0185386569527574,0.00197532608320042,0.0027743870779819,0.00287257891195922,0.00378408068717183,0.000846781270184594,0.0166515310318756,0.00269221758652061,0.00834194594757424,0.00233378574277956,0.004549663786582,0.00645048512190921,0.009389253065058,0.00250901347951615,0.00131637673260249,0.00434038658864968,0.00648842173915102,0.0065417431995736,0.0351411320164186,0.00179142891791732
1990,0.00137093655974346,0.000401132905794932,0.00381049436343637,0.0163907281647491,0.0152690042521757,0.00735722308453434,0.00883250569922146,0.0499820498334698,0.160817974817951,0.00437733459225308,0.00964989800821531,0.0438280734879981,0.00229406044689028,0.0610122179783463,0.0013021575315668,0.00786726280768936,0.00687819769826895,0.00622647354227539,0.00347078879631154,0.00509528512258793,0.0083438701094408,0.0460343946657716,0.0185892371614138,0.0121226363066454,0.0137386024110511,0.000466953087199893,0.00491243405581694,0.0114498797593522,0.0150913049843353,0.0852611792139413,0.00409964110354688,0.00523237732454939,0.00699869811807257,0.00936245616608686,0.0138530624410476,0.00256997679160837,0.0131961178927053,0.00381236237496408,0.0107331545873473,0.0174147506427592,0.0096617588136417,0.00750541226665742,0.0029159535656825,0.0160878124311442,0.0135745005066188,0.0207330217886025,0.000646360572315817,0.0063954859699869,0.0126274837767887,0.028195742111037,0.0160795246194485,0.00381344142613891,0.00378865707188664,0.00231115737254723,0.00392035701561317,0.000568012508242791,0.0241204172712503,0.00500084164176424,0.0109822416275459,0.00529022069605488,0.00353946523625155,0.00245479444636728,0.00521532805778134,0.0025212215439302,0.0013710706986363,0.00969641907236038,0.00879357044931101,0.0101734127177351,0.0405647730927889,0.00193465274073477
1991,0.00249223476736325,0.000512346104891596,0.0128503037536832,0.033919662563914,0.00746540488463165,0.0188048446719859,0.00678257412009131,0.0291075797431814,0.100823840445115,0.0059000136662213,0.0134344640335365,0.0394757030158602,0.00425364857862292,0.0406944246670764,0.00171238971377921,0.00391052459859237,0.00948563491232837,0.0044135677186422,0.00988667751145365,0.00808379736841737,0.0194029056253276,0.0135468894258209,0.00228505888720967,0.00696848363818607,0.029980287246339,0.00135884398194988,0.00266757142472226,0.0103634713805894,0.028984837816169,0.00541576252233421,0.00812642993666457,0.00450042541892997,0.0148121848679021,0.00735342763990293,0.0410965284254427,0.00485972010195401,0.0328794532084561,0.0296052745433932,0.00936645175216731,0.0236421929576707,0.00687439191976168,0.0100858729039555,0.00579546505104906,0.0340726402775878,0.00998535481914508,0.0205429722628187,0.00127119576862981,0.0216610062633596,0.00614840789639518,0.0225451631848393,0.0130154479522096,0.0219574534685066,0.00513424503485994,0.00338281604131731,0.00964493415151662,0.000359453963326372,0.0428330239589029,0.00481656230417959,0.00665715045421165,0.00302465482721932,0.00500723819491736,0.00348439771048606,0.0052278886570487,0.00455283519001318,0.00266354674022728,0.00762727025756638,0.00944143103031351,0.0233436232243356,0.0337134306799593,0.00390428817082155
1992,0.00226658652936026,0.000646562624365111,0.0193241156784156,0.0379773528017479,0.0150842089565383,0.00760211718868988,0.00216794178897993,0.0363735003183158,0.0194851896750886,0.00389357558547171,0.013482222343307,0.0317961426314072,0.00332276982828864,0.0611736748957169,0.000925989275060212,0.0107200411529222,0.0042726773138005,0.0031780545692518,0.0117894475955038,0.0155948602560284,0.0236393088746544,0.0258881081071459,0.00500787412434711,0.0340914382694696,0.0564380236445585,0.000871698903178007,0.00152914391503565,0.0224122904012089,0.0198236921158342,0.00714619133462194,0.00866374922660008,0.00422538856585512,0.0193873438828978,0.00824455112269943,0.0275761642011203,0.005106435994446,0.0337544148997983,0.0193194001292249,0.0111661858029885,0.0246315316021498,0.00531837896901647,0.0192410535993093,0.00811484414378387,0.0112319917939097,0.0217896334879307,0.0148794433325513,0.00211701947240687,0.00938946831118624,0.0182270112726013,0.0170878038428463,0.0506902560405513,0.00419205631514145,0.000790327144492579,0.00497583038758935,0.00727617675311481,0.00145611347725265,0.0397056997309277,0.0071591528728452,0.0042747866908969,0.00675866072426972,0.0129671650875809,0.00425496048034995,0.00864424803320454,0.00309040433615981,0.00165331966078196,0.00503650755991794,0.0115285004424498,0.00509477878789498,0.0307256302546547,0.00232881086828741
1993,0.000961728685726594,0.000337905006572248,0.0118290606706999,0.029776023970891,0.0162648858870342,0.0442542186612665,0.0026457177489171,0.0392929246475839,0.0355267548486383,0.00394813717647677,0.0181265714417145,0.0167531023957106,0.00373525255080885,0.0462141239812988,0.00554878602022887,0.00765800643920808,0.00840380373547962,0.00279563842169314,0.00525481138089365,0.0080889232634953,0.00934811697205918,0.0525818247202205,0.00269386177125756,0.0357263051004112,0.0219012329160588,0.00130705469438596,0.00412694150181248,0.0208781735108725,0.0247685997264245,0.0284908956964268,0.00971874682386683,0.00149204225630568,0.0105820348992457,0.015994766130476,0.0309845246478327,0.00282925131738238,0.017999888298815,0.00587919552361667,0.00741983505187863,0.0248670727651372,0.00419426638296821,0.0054871996705457,0.00557726946384667,0.0292519400382584,0.0277879869363743,0.00731953367283668,0.0021817164587048,0.00648803658083918,0.00972868389726439,0.00388956245877498,0.0117365727481316,0.00239998445531056,0.00349379075006755,0.0059927178293434,0.0173646304706043,0.00101215845684181,0.0296048572124196,0.0086469394864766,0.00581150058472658,0.00506028530147107,0.00140241606368327,0.000942953788503684,0.0266010598860863,0.00212341824786244,0.00135900207813003,0.00371489919003056,0.00559688434981513,0.097938202851692,0.0271806865106834,0.00310410291888262
1994,0.00347182226719227,0.000400147350091752,0.00960258944451463,0.0532030216686795,0.0114523671644495,0.00824961751769639,0.00169424375023787,0.0104030967132617,0.0566180555121275,0.00238159624963103,0.0101718874973665,0.0121569649972526,0.00980007694605316,0.0242992557303948,0.00498365807214124,0.018936421436535,0.00560757721967361,0.00255949944722287,0.0116195514216397,0.00262360434629715,0.00832070681880173,0.0380147631920693,0.00197469031884528,0.0242709536875901,0.0208041653558449,0.00548853194717204,0.00266729199526164,0.0283949510703952,0.0288171424656679,0.136391170264611,0.00131976137639999,0.00164720719473047,0.0133852082815843,0.00767802387365033,0.00997426292742794,0.00484289059580042,0.0264961859534127,0.0225862036696129,0.00583501699602956,0.0280107530020083,0.00294448636972621,0.0195156525285501,0.00201533495923718,0.0222822850366437,0.0178234019083576,0.0344200131219519,0.00114953800536163,0.00402108184098587,0.0369786697306983,0.0141861095396155,0.0126654302918816,0.00264031134168829,0.00823674730268639,0.00516495629067541,0.00773077212129519,0.000382337500296535,0.0369755719029237,0.00371661852004949,0.00637804513008134,0.00157967503098291,0.000674423315652421,0.00164852460965786,0.00485893876769898,0.00308080670024959,0.00480286159327816,0.00321909710342213,0.0121966710718131,0.00670259722358471,0.0419214447032768,0.00293266069830328
1995,0.00238470649776969,0.000359201275155717,0.0197818697462066,0.0348889027648055,0.0102351036295974,0.0869477570351563,0.00719282128348456,0.0062541559353896,0.0269637603396309,0.00408498815492456,0.00907652157489569,0.0308191005096162,0.00351687421513309,0.0238273337238021,0.00230252598197577,0.029307542773621,0.00884873039745981,0.00390678447841431,0.00407402245039194,0.0102026310292827,0.0168695263821531,0.0624657382339615,0.0132219001298652,0.00453768209585243,0.0175199297991266,0.00354273102506634,0.00673320934068494,0.0324765465248229,0.0358162306968342,0.0139944265009606,0.00616561370544555,0.00156782732701898,0.0199005918480691,0.00690937250726516,0.0117822604081559,0.0178957898343972,0.0490102236607214,0.00589273815765719,0.00607017325508034,0.0212879278709622,0.00564319234908155,0.0310328148786477,0.00604778776152757,0.0061869991319561,0.0144705887494918,0.00627389199949357,0.000999562855446527,0.0043966365033496,0.0140976455690107,0.0177440010947372,0.0139536537018111,0.00317019311875639,0.00170300641240661,0.00479089423742036,0.0163241577809799,0.00036880988428888,0.064386155180112,0.00701765838483749,0.0037919684184477,0.00111164929236689,0.00174090145375361,0.0140274337369621,0.00456492452973366,0.0122100893419034,0.0015595484253328,0.00345147933028003,0.00594019030113764,0.00713878302958442,0.0442436487149406,0.00297596073138769
1996,0.00120006277046309,0.000306055466428565,0.0338445954352631,0.0198218443073322,0.00762222580811225,0.174978720490659,0.00618749154933795,0.0127322665824226,0.0169866862923437,0.00421693659747527,0.00701766271263348,0.0234720086741173,0.00875878977629867,0.020368101875432,0.00131341651220471,0.00631397360324704,0.00684007883008184,0.00370406048428679,0.0157629517673932,0.0109198415452119,0.0177818260238384,0.0297598353436239,0.00621869897616792,0.00775302194893352,0.0315722869143354,0.000808429640526885,0.00165581175377239,0.0235970493947829,0.0536807538923445,0.00405204425828109,0.00441100353538645,0.00107145061414321,0.0310097247614456,0.00332897801935772,0.0208701290456582,0.0169843609519101,0.0303882281730053,0.00567009465180527,0.00671518849819308,0.0251265197386708,0.00577032604116754,0.0234450907071407,0.00637800146388985,0.00872876813802124,0.0127829852733229,0.00495459437933026,0.00170196840559184,0.00383685759115194,0.0108231947829253,0.0273573657770305,0.0104886332455357,0.00834456224055315,0.00216347546891911,0.00244200286400419,0.01136273014489,0.000769850834541807,0.0691268050217067,0.00481756809669861,0.00197827070285706,0.000979258044333156,0.00541142444084486,0.00110646398597495,0.00271866139130463,0.00980739392805214,0.00310769157894539,0.00270237235306095,0.00798218794702382,0.00448245079498705,0.0375279180343152,0.00207791910495182
1997,0.00139892489905486,0.000481920932773409,0.0815417566157153,0.013394109593045,0.0105898076918086,0.012896373533809,0.00259738608461627,0.00430882776326899,0.0247049885399161,0.00427834414200704,0.0113636911618639,0.0472086225172891,0.0137680113863732,0.0229185559028,0.00110569906864149,0.00870113903898265,0.0054351702177048,0.00217835037764595,0.0290255825985518,0.00939536131991188,0.0108999526257732,0.0498636566104866,0.00343713561476811,0.0100210686829981,0.0155392404018512,0.00132329234665097,0.00311575436730824,0.0224249585306224,0.0247928330034264,0.0306993429376909,0.0095129572181557,0.00738625651608335,0.020229639219699,0.00967004197443433,0.0274856841575107,0.0120703644963779,0.0276085897437788,0.0375566696442594,0.00677857733546282,0.0182478678741874,0.00317966015993416,0.0100176974376655,0.00634013076545098,0.00760616164298497,0.0145237166476301,0.0155224759423872,0.00348553816640773,0.0042288827731159,0.00896403438199057,0.0277615453007392,0.0138601004764967,0.00662841446510004,0.00336914758041124,0.00258746044271213,0.00858323067178634,0.000330257257008257,0.0665191300680725,0.00658320656995405,0.00200020266355125,0.00572487801115052,0.00239285779039815,0.0141480889806285,0.00624939119018009,0.0111501605671849,0.00429050656123045,0.00500160793273241,0.00532068046545466,0.0346882435012068,0.0406829990763951,0.00230308582273502
1998,0.00139025752695782,0.000382325399675671,0.0397264956715622,0.0245248231236804,0.00379709996526871,0.0637213708283998,0.00271380221706921,0.0131599662809951,0.0304269956887752,0.00315125311715705,0.0120208877034655,0.0109891939743012,0.00366820566718075,0.0419876792069874,0.00418352140098764,0.00687531901954746,0.0167750611413322,0.00500436651574871,0.0107177169668856,0.0542022958860137,0.0115105170753435,0.0176865848496352,0.00666330392123989,0.00755676452849709,0.0167234898833268,0.00832811807758241,0.00182039432324387,0.0391470009996449,0.025424258099331,0.0498080867665463,0.00207674290501913,0.00270981597052737,0.0184885759091419,0.0227976182247763,0.0148294613240386,0.00509243921607662,0.0159282387043804,0.00214367770655836,0.00868126113714626,0.0123371289268427,0.0104140458149096,0.00703738201989234,0.00282849582616929,0.0120113030198399,0.0198050480220899,0.0212385536285488,0.00168662046526129,0.00737764709114687,0.011298467787811,0.0220068769269832,0.0166647914884428,0.0118011282044245,0.00625666729447865,0.00531153447273866,0.0153275117749948,0.000379633497471443,0.0317214817588089,0.0128380926795801,0.00441663983987354,0.0015678153185854,0.00501678795194406,0.00146281822819528,0.00741067106447849,0.00515274776936731,0.00196307389848124,0.0268436881139385,0.00769105303946605,0.0286341108222079,0.0501640269981935,0.00449916933078656
1999,0.000934121268795872,0.000387168259028904,0.0351086389698978,0.00948876156250358,0.00827780565302436,0.0324146049377755,0.00182008533584981,0.01878246661464,0.0345471858317407,0.00253435441961009,0.0086443335601668,0.0172589976602197,0.00662184118146111,0.0362108245394243,0.00220301843817189,0.0138662851827218,0.00804317350879567,0.00570130447881529,0.0227276188606947,0.00775386481899184,0.0123284070537099,0.0147782699030976,0.0164387850748406,0.0116919154304566,0.011441302604031,0.000825369071662324,0.00330901450202311,0.0276035921366651,0.026763827876251,0.195643165989712,0.00249081847264617,0.0045618228633639,0.0178098686342603,0.0145032703918308,0.0120639129252943,0.00571275260097758,0.0116124132765458,0.00409104772649691,0.00684618504180473,0.0140778255412832,0.00629241906421272,0.00391359977690673,0.0049810820040092,0.0156361783009543,0.0183377514315285,0.00796938097839281,0.00586255693776765,0.00524035535784129,0.0100162630275924,0.0406831959865239,0.00887612105426982,0.00687785371506874,0.00817315290019292,0.0149825440203318,0.00566068919071025,0.000512754264882325,0.0325802253290514,0.0187773959220206,0.00162321857152108,0.00223922598535831,0.00263301519464803,0.0110903023056491,0.00587018762679852,0.00601054613985302,0.00152508896370473,0.00573455479427345,0.00613019995772093,0.0108682813132006,0.0397671163454589,0.00321472134027353
2000,0.000864238373395419,0.00034315092512562,0.0480423924978385,0.00913226591480935,0.00780018894134405,0.0380932800920509,0.00511180867944929,0.051689016625048,0.0216087854119942,0.00293219034912621,0.00682674213913476,0.0551606249847028,0.00414738488715002,0.0434329365221788,0.00114798758436952,0.0191480878172715,0.00527664853820208,0.00735084921048579,0.0102878592450859,0.00895073608061241,0.0099817810563696,0.0158185806676401,0.01545703656072,0.0112357684729483,0.0154376845750568,0.00784526436346078,0.00340547890230775,0.0258783400528264,0.0269032605421745,0.0495128859389891,0.00168886180395884,0.00235155090874295,0.0205734937046468,0.0180837868263865,0.00665270644742967,0.00850438300586862,0.0299439664043688,0.00434602857329265,0.00854343374292054,0.00681512781041006,0.0144057697805335,0.00849230288374945,0.0043511848117241,0.00840487867067804,0.0456752931208763,0.00839980086330555,0.0117887027379654,0.00556428890384798,0.0164958516037356,0.0249878515222701,0.00865322205383575,0.00329593816889271,0.00562123799755907,0.0139987953121718,0.00733686997214671,0.0018886833186662,0.0271893861407661,0.0145200237297177,0.0013339644602823,0.00244309541826666,0.0196800153097067,0.00393562463128274,0.0104597895633955,0.00707461872630773,0.00183018321787292,0.00435517452140145,0.00514357802616939,0.0228764691032143,0.0504399943711678,0.00303081587859669
2001,0.000649696077899161,0.000318440726808966,0.0824355141090985,0.00828990585577081,0.00544287741964423,0.00724127127158397,0.00324562631976846,0.0524820241542563,0.0148685056119734,0.00399385389101654,0.007188674699354,0.028016804240676,0.0192491846140644,0.046544394574498,0.00705241840029722,0.00905819881113817,0.0119789204800575,0.00287338009138113,0.0148347589146523,0.00641706762451343,0.0181614094768468,0.0181563661496283,0.0262921820475078,0.0240964662384582,0.00428302218413102,0.000752656762986995,0.00261283589999404,0.103931770259109,0.0307688425947143,0.0421787102292336,0.00711003685490832,0.00156887094467341,0.0178581127913827,0.0184094442620942,0.0117153097576697,0.0187574256600063,0.00723213603170627,0.00485949440832355,0.0109090026012025,0.0120066824369015,0.0102902333849529,0.00547587686408317,0.00335828067990626,0.00816917429734249,0.0235051539322911,0.00694460544459871,0.0281213106781515,0.00554000783089616,0.0119829419146002,0.00972252185574366,0.0148300992902391,0.0149695241064473,0.00465040233740167,0.00243851578623994,0.00414916904100198,0.000360676684922599,0.0236824342772659,0.025056416321556,0.00160873245285876,0.00078032193043074,0.00163983403544914,0.00145531914355868,0.00418628780535797,0.00745039411979107,0.00154728146171713,0.00541339383656179,0.00501692027993061,0.0164967785853288,0.0347998590604784,0.00251523708096492
2002,0.000920731059712733,0.00035073675734297,0.0299140810891058,0.0124015474250354,0.0096684968647229,0.010531921949099,0.00277696094068355,0.112367959577392,0.0170402407645316,0.00241666488604436,0.00689563306997105,0.0151683716332244,0.00179340306629365,0.0261633225725662,0.00069640728984298,0.130830567372997,0.00605411026456582,0.00351664661145684,0.0255088884581964,0.0079270534816181,0.0196566454180136,0.012929605292743,0.0198228613002519,0.0129433495267548,0.00650566531606332,0.00135878683791595,0.00207353610276821,0.010200847529727,0.026918862860307,0.0593807930170842,0.00126983335444641,0.0011290710801798,0.0282883071387628,0.00713828912759696,0.00556327198476727,0.0144223771567646,0.00850582188794179,0.0206349446414452,0.0102344889515647,0.00910785148812037,0.0105415950405134,0.0129784090416996,0.00433314622527402,0.0143119065634712,0.00957054272506728,0.0111389991118509,0.00168549826649127,0.00220492887135269,0.0235040089023918,0.0400433008544732,0.0125827477719865,0.00318810047834624,0.0116283319666747,0.00565650436689331,0.00895728055341683,0.000461338651084357,0.0297675644933937,0.0138010511597063,0.000825194284340451,0.00213847123917805,0.00156223470295709,0.00223591562435218,0.00423859805237607,0.00637007836101889,0.0017305622185058,0.00179254605393486,0.00661659150521455,0.0265061547245573,0.025914978144226,0.00268446489762972
2003,0.000586454465825079,0.00029438776705782,0.0196308261283249,0.00329430241871034,0.00809830809404311,0.00714023118104742,0.00302561743377312,0.0677200948013964,0.0252360744668061,0.00320187174566394,0.00522987256263248,0.033256402742418,0.00429110064117126,0.0444762906532689,0.00278162220060615,0.166885682483682,0.00927739405626098,0.00210225059884241,0.00897392646841486,0.00469728238314543,0.0125566043979072,0.0271611993499502,0.0016300159879006,0.0218702322887286,0.0085044111772194,0.0012250476619744,0.00514843573317988,0.0360079264129953,0.0193047132391488,0.0457855249950146,0.00408564640623915,0.00211482750210344,0.0126974076504908,0.0095760830731046,0.00385778032172889,0.00705158967733678,0.00901505153615434,0.00257177468861513,0.0165107781633939,0.0122011263522479,0.0103430491907056,0.0157484406070371,0.00411457787964539,0.00373080717715748,0.0125923791575202,0.014815285546673,0.00413911388332446,0.00319956157789519,0.0208111117675179,0.0178405155787442,0.0130588967902359,0.00838457186278949,0.0201756317418848,0.00213443711804306,0.00456175926065292,0.00121234294855509,0.0253294909773765,0.0341229358108796,0.00168533492356139,0.000765319450684402,0.0202364494601732,0.00200990759125036,0.00368322873208519,0.0103805471515296,0.0015850206689957,0.00357915612770441,0.00564683164491031,0.00330725009024733,0.0488242560188288,0.00290561935486677
2004,0.00168364697263566,0.000342210631265242,0.0207925686676352,0.00745450560616147,0.00573700929770203,0.0217137423941247,0.00664644148748923,0.0113380187688779,0.0516145377052268,0.00488702240484495,0.00995856097612399,0.0403227682280694,0.0063098248978478,0.0108300852300529,0.00647850282710253,0.0518319393097275,0.00669022732573178,0.00501931336145291,0.0156936921261305,0.0150862191118705,0.00805897809601637,0.0112427700575543,0.0040961891154367,0.02617712584709,0.024637836271276,0.00281486265775075,0.00376554354851705,0.0261855615794801,0.0261695654805577,0.0778764002098144,0.0028291655108559,0.00148071009096807,0.043477802304319,0.00979381552221277,0.00274426758635763,0.00787791562072266,0.0262956926411709,0.0131862506730361,0.00649458760621258,0.0307886412716283,0.00909803473105438,0.00914690561811891,0.00808284855947369,0.0105645233294533,0.0131746073066253,0.00647178470162884,0.00414287840651558,0.00637286832735301,0.0178508942941305,0.00783132074622901,0.00838803371017686,0.0103055694674147,0.0345273857444008,0.0056283822548247,0.00385394087544548,0.00312740061633422,0.0398908236805732,0.0142577893505845,0.00149997738207389,0.00166140662712183,0.00147314807852812,0.00194388255831184,0.00869718817391625,0.00662480300358153,0.00337074613699236,0.00293737786908792,0.00992169118540952,0.0151786353207919,0.0728616114740322,0.00468902144876541
2005,0.000929277328675775,0.000360449061325972,0.0382999129411894,0.00313353617584176,0.00685613017150376,0.0142097539660515,0.00241661050054378,0.00682965626452201,0.0160058469523771,0.00434245459071638,0.00911553146230599,0.0187051747559647,0.00379033468384085,0.027182759370048,0.00162195820541733,0.0184478913127939,0.0116564867789506,0.00506549349342559,0.0135682228802008,0.0224506006898687,0.0100483287179746,0.030052567321022,0.0132957337510984,0.019081780387211,0.00906112320117735,0.00271119930719146,0.00221942513445397,0.0213812001440109,0.0342462418583488,0.0712222100806501,0.00685828244131416,0.0146540397023007,0.0204615639101558,0.012981459636932,0.00249209759004337,0.0103561629545526,0.0209269955962038,0.0116920916196243,0.00707803527147432,0.0158762921484408,0.0116015024158383,0.018767844108158,0.00453387539218754,0.0103250184316302,0.0201527542368826,0.0120123792216775,0.00221205862729353,0.00253018596085464,0.024652891125628,0.0499867862843884,0.00874876256130681,0.0116150194386223,0.0418721646136348,0.00334359465213501,0.0108452921660169,0.0013333492680891,0.0231857184993555,0.0262846703494175,0.00114576967134242,0.0111645986419633,0.00549311241642627,0.0050045080078453,0.0272370318951885,0.00593717380375393,0.00162347274171284,0.00373396699318153,0.00613745490678846,0.0356141227742711,0.0471534494238087,0.00406655901085665
2006,0.000982038887372277,0.000422453824534296,0.0413792070888844,0.00387386109924103,0.00669390482053332,0.0578050178020475,0.0047056155925462,0.0329091029994096,0.016336329427353,0.0025323293441224,0.00899256774220315,0.0500255778548322,0.00493829680895812,0.0199160942063292,0.00405081087344201,0.0107223826323798,0.0185932255381103,0.00798065800354133,0.0217146532669768,0.0093507331001143,0.0103542834868038,0.0349712862639676,0.00540301819547301,0.055589910190937,0.0134530986521571,0.00275192889110433,0.00942522574045692,0.0205070216310094,0.0298820526793333,0.0262981287396583,0.0064556773308565,0.00753285821597379,0.0322259325153132,0.0164045884269779,0.00204551546885173,0.00835013260403665,0.0271881949966856,0.00692096373700874,0.00619956716468533,0.0136715759583614,0.0113487113150454,0.0169824058858136,0.00635068865425019,0.00578761215633341,0.0190606596024434,0.0122755101678188,0.00296622810101917,0.00659673806381137,0.0196151980168796,0.0155602081865236,0.0089971744828617,0.00646608228567014,0.0179266798079673,0.00281634284073608,0.00793219492266492,0.00238087457924349,0.0386850326800003,0.0253914358749347,0.00302106956768237,0.00324930751501994,0.00182920963975395,0.00236910715950569,0.00449709415389406,0.010812096747493,0.00298518987334182,0.00993691357702719,0.00703432801054618,0.0152172999429888,0.048110641575372,0.00424214281077509
2007,0.000609885111439302,0.000342127584282512,0.0482109620569494,0.00628257491630234,0.00408904768007207,0.0480230959486709,0.00350004844937216,0.0196834219387743,0.0168527534484889,0.00170870671046931,0.00894155319724113,0.0434847992093617,0.00360207684780507,0.0240246271205194,0.00185345176924884,0.0185171192637865,0.0134729675499127,0.00552507106205323,0.0122683801492981,0.0726753379242311,0.00955290776324518,0.0113185239290174,0.00919037001012878,0.0316412966281631,0.00738805512887895,0.00151450991959909,0.00586367511593755,0.0286119455645681,0.0222512037102882,0.0375249563341329,0.0032702873474343,0.0109142363815314,0.0364348423531244,0.013067690656525,0.00629830469549337,0.00811288645317769,0.0271705882630081,0.0271994562761343,0.00837481922875173,0.00974134456884711,0.00806126798863726,0.0164038717035984,0.00384257438421243,0.00518391481292692,0.0281835229894879,0.0114951102976008,0.00613083858920183,0.00400427113604435,0.0189415120402416,0.0120777475083018,0.00734807982880403,0.00502444119094563,0.0127193864814403,0.00387404398290416,0.00725892460756357,0.000489394925599566,0.0337224285494896,0.0143743626274993,0.00163646087618333,0.00461453656799679,0.00992873610560548,0.00398974696408244,0.00431596857944733,0.00801713403040378,0.00218270853567261,0.00306681493936431,0.00641531874628792,0.0252375837070761,0.0590799577674088,0.00326943126970613
2008,0.000512170015331751,0.000380639185455669,0.188048484407678,0.00427346231282501,0.00579397981851999,0.0121869311795847,0.00132616107794739,0.0703740691884237,0.00614326611284783,0.00177923776588904,0.00608085243647378,0.0342925606177754,0.00332253979524692,0.0184596728144395,0.00106543857546205,0.00809552833046053,0.00753276840208421,0.00313517166179962,0.0127232440095767,0.00636173011833209,0.0148447103937665,0.0145758078566614,0.00645839976302176,0.0377231286706687,0.015388773895218,0.00061751077813751,0.00325263985510288,0.0203816952534119,0.0228712090422823,0.0126302649157971,0.00629358775659804,0.00867011854564274,0.0423977269259439,0.0114458686210791,0.0104730093793263,0.00798201487994502,0.0188190598213495,0.00301919532548461,0.00624068344547212,0.0144012856590147,0.0156017626015669,0.0260370725671577,0.00756531383186161,0.00118053288105337,0.0208911634624447,0.0120737254941324,0.00530427347163299,0.00290713630778178,0.0181058430457166,0.0116430019911078,0.00434661165470784,0.0407472263095293,0.00304616127146636,0.00905554721445523,0.00701221303550746,0.000566778796606868,0.0309480230559745,0.00831691738473963,0.000445980156436409,0.00666631752359772,0.00693362067445312,0.00218279709687712,0.0038549054790355,0.00524231108958979,0.00169619811346777,0.00178603837109263,0.00382098253395327,0.0122391300453591,0.055553354860126,0.00385446106849116
2009,0.000609259101670083,0.000418098899650617,0.320413863597008,0.00373210994772542,0.00287296219386298,0.0076464660789555,0.00181760384807187,0.0497239249328034,0.0078441622829901,0.00175191289588418,0.0048456470405328,0.00727510184926631,0.00361053193555533,0.0138013541763912,0.00142487380672498,0.0165635773478442,0.0121132628008933,0.00298741560346758,0.0126340801210183,0.0144749908839262,0.00842710510017879,0.00882182642055732,0.00116651305249854,0.0236242704967007,0.00721910632891272,0.000323820016826559,0.00915588027671468,0.0108058014997891,0.0161077353731294,0.0343826227023206,0.0024156135723264,0.0145235415515971,0.0261777602405743,0.00899064693203035,0.0221285700447997,0.00528141306454007,0.00815526916489902,0.00180533541722919,0.00610065412320559,0.00704943471258229,0.00515813614243326,0.00768177485577843,0.00422669972927518,0.00509690961291086,0.0167021026029414,0.0144747540604669,0.0017755322517093,0.00236210778005614,0.024448383111824,0.00827961701058469,0.00762618985422603,0.039375072023974,0.00501611772524467,0.00305339430984183,0.00459942505281332,0.000666625402371192,0.0259633422371436,0.0142687398631777,0.00185674808906358,0.00255638852427748,0.0020944752250684,0.00391531166559592,0.00220263583388406,0.00718930029025921,0.00117009110622809,0.00476977597142521,0.00472126381167177,0.00209044454211664,0.0648720786259225,0.00256244325205972
2010,0.000659224760335903,0.000384341863452052,0.177103055873325,0.00562618673532456,0.00404983443646221,0.00615401146451584,0.00266667809406306,0.00933771311342629,0.0275887330826343,0.00310451518570881,0.0087656949585907,0.0423843130045875,0.00276367643185691,0.019260330528483,0.000712464018003398,0.0169628040823708,0.00777841557746143,0.00233180863695597,0.00776586513239241,0.0143489268732354,0.0273393179749615,0.0187710543673418,0.00701626217295658,0.0260971980011607,0.0196194088571494,0.00146979633813099,0.00304743316748669,0.0228902727225082,0.0168070489498292,0.0047043788282945,0.00168530889664541,0.00239438592599543,0.0400583634228287,0.0328429122077877,0.0265222507478732,0.0148491158650819,0.0314550146016899,0.00371824725796551,0.00669906363124479,0.0170472420486802,0.00782575773644032,0.0256013317339818,0.00372154889604786,0.0031305684185416,0.0241909655649202,0.0111060896936448,0.00221980694225125,0.00288406878928353,0.0309709597335871,0.0230297841826463,0.00973091777008039,0.00982879368051942,0.00135687587345132,0.00344760491094957,0.0151396801934825,0.0023652550317961,0.0359426147952936,0.0107305383243903,0.000998807499001612,0.00561496448294533,0.00193455315683232,0.00423663399951095,0.00437360299120486,0.0137547674925949,0.00268099318983199,0.0103666423694421,0.00706183829653716,0.00385807474550334,0.0347227290004902,0.00239056066599964
2011,0.000573455656696094,0.000310972890639189,0.0456371969255082,0.00891967334134405,0.00600687658362719,0.00829231389040081,0.00358790198542278,0.00273861678250723,0.00725381277998202,0.00267136478086245,0.0123841941462668,0.0490105912465725,0.0046522161153566,0.00876746764740288,0.00178536832761363,0.0146484427196517,0.00496289081396317,0.00441164030312651,0.00699516253761081,0.0257301757554954,0.0068064527677038,0.0661545192266736,0.00507485003201755,0.0289701386312208,0.0175512314356533,0.00217409904110539,0.00702568186665067,0.013904198279227,0.032100517509871,0.00595911332190996,0.0054793792258883,0.00247987165318164,0.0597671518330984,0.00776511363047071,0.00415247004385393,0.0191891239588856,0.0471405420339224,0.0200777885282607,0.00579253810296788,0.0157769909198804,0.0192279719918919,0.0982241819080056,0.00363148134385928,0.005416934402731,0.0257363540208794,0.0120595107148918,0.00439720046786209,0.00395527044892532,0.0267042550526414,0.00842270529545336,0.00880062609210925,0.00384598674347411,0.00516405037862189,0.00842095916565882,0.0162560365349651,0.00177433971465475,0.0351593225710527,0.0165571838307916,0.00467985645192505,0.00369874971875895,0.00328068816299943,0.00248736364299883,0.00312138838780943,0.0180087404617296,0.0024024338615216,0.00779131959940144,0.00417624286223223,0.00894915706918449,0.0416958180237801,0.00327176380669638
2012,0.000584885417623874,0.000322546014606886,0.217412533430407,0.0126752463799009,0.00597133732846868,0.00837217637654249,0.00229292338469935,0.00325535168566537,0.019827086303446,0.00205455567708872,0.00568171159033167,0.0617822205084236,0.001792038336813,0.0140442579992538,0.00148637123915237,0.00635981211823596,0.00535764571546095,0.00323564597581187,0.0072772784668902,0.0133154968415321,0.0234823470781829,0.0413591362991401,0.00689938365789127,0.0181877518757505,0.0193358093785911,0.00100614520592954,0.00326939203340741,0.00992689479547054,0.0319393442110852,0.0023406802177716,0.00223389679456736,0.00319676615354363,0.0399184922267237,0.00603354100802116,0.0108340385875326,0.0272439539957011,0.0483579045476992,0.00333020087742812,0.00694758961747508,0.0172657958641292,0.00483318833592015,0.0453818083786088,0.00497871770319471,0.00179336218521127,0.0274747315160181,0.00899789869222703,0.00176350282640913,0.00295163456480617,0.0112265150991219,0.00948200290073897,0.00646259443638203,0.00953150544200442,0.00273663744603746,0.00394076430980612,0.0115454321779099,0.000469647550162237,0.0272392669653996,0.0140248163495731,0.00197661806968586,0.0020680933581654,0.00107013057336981,0.0026763399752556,0.00190872129065013,0.0129086844004623,0.00204621315554731,0.00306273501971506,0.00577441564758911,0.00304505097027686,0.0496377149163223,0.00278107052703319
2013,0.000529287737414404,0.000279692590625384,0.218214039648443,0.00917325406239797,0.00364664635241235,0.0179310847427496,0.002054928940272,0.00301571261706715,0.00453830248786876,0.0025443098845249,0.00851240032226085,0.0148258439069838,0.00492098899911134,0.00717850669056026,0.00179234673129513,0.0045095526397728,0.0106814544226172,0.0062781004147247,0.00956229760901677,0.0164505586279723,0.0185373674481553,0.026714105563564,0.00324439433951743,0.035261391833904,0.0278441556818576,0.000788576406881331,0.00318416765580011,0.0150550730061119,0.0239943902230775,0.00795496505237337,0.00461066346738641,0.0026015929959098,0.0538918159404975,0.00635018456517748,0.00536309338605437,0.0128869434999595,0.0386765357860551,0.00419810894922606,0.0077923652523332,0.00974165020390702,0.00960760079253699,0.065433295383947,0.00326517632131674,0.00245291413258375,0.0337389750475493,0.00857726926094769,0.00205152868280248,0.00537169994680814,0.0173726798660798,0.0077273259656692,0.00467692206896314,0.0046287186177995,0.00436422076245046,0.010269695428357,0.010820252507388,0.000825796371502456,0.0427686907591028,0.00960255831167193,0.00139967093965081,0.0043103323136789,0.00189442955802779,0.00122052015587102,0.00295275973378055,0.0100065261495212,0.00263446002268152,0.00629060293881191,0.0041301938575547,0.0110843478104799,0.0513290624739219,0.00386092313270417
2014,0.000970981376043435,0.000296907392744095,0.121927181631254,0.00610150928741487,0.00333939370224449,0.0639166620039149,0.00311905155630344,0.00232849924145091,0.00565041515265966,0.00439670627374498,0.00666607570494849,0.00954090108232631,0.00466598000775692,0.00558143003691195,0.00230419545149163,0.00360022502819848,0.00830201490492149,0.00320131756235003,0.0130519943773266,0.0112185254012694,0.0170745232952778,0.0121379614846122,0.00403481010978225,0.0331036436632911,0.0187684178605764,0.000475555780742452,0.00346625375970452,0.0220813794233969,0.0263514190065501,0.00442663846964081,0.00669532767530546,0.0035788251283589,0.0669233526237384,0.00625130464732669,0.0064455230571576,0.0222179351759195,0.0439937360618609,0.00309019298302063,0.00899640470740936,0.0172851203772935,0.00628855781188706,0.0933763066693314,0.00397299760186373,0.00148678482097208,0.0289153741068452,0.00986318361859336,0.0013634009845901,0.00443337125007989,0.0274604404576727,0.00989034073452007,0.00629981708977086,0.00959003689129523,0.00277964967033286,0.00527840353224923,0.0145921962051382,0.000834548819404576,0.0395970469549065,0.0101933900183607,0.000857926233278101,0.00580264458867363,0.00469218040851272,0.00177556475454631,0.00235024388491446,0.0101012605181535,0.00246764374546165,0.00336127210409689,0.0042620836966349,0.00733925285162343,0.0691453806053606,0.0040504069046885
2015,0.000542555241938135,0.000390043818394441,0.103524958365779,0.00501348303371888,0.00415070663381458,0.0215988723715997,0.0110942234907027,0.00789742805143741,0.00414589273186468,0.00331422977684257,0.0101206637945904,0.0174058718705023,0.00888630559028234,0.0109943949492217,0.00252150949337154,0.00315551776109121,0.0152064548106233,0.00633348777785111,0.0135092764375775,0.0251665926734435,0.00880165780897445,0.0161733936206823,0.00247587089774137,0.0583102604719175,0.0147155742854853,0.00132628833542089,0.00514569614026134,0.0542479697759179,0.0235779196487099,0.00299517072872946,0.0167791807729015,0.00234676598875759,0.0302203322959234,0.0273849655070454,0.00714149287013224,0.0210884443090093,0.0342839235491875,0.00353157492933303,0.00872085448197112,0.00866893202731379,0.0112836372245282,0.0365427352456645,0.0083688980836511,0.00563138536998398,0.0252722819295911,0.0146170094462086,0.00495181031244519,0.00468693474955079,0.0152709743578383,0.00626728796081831,0.00893065882274035,0.0101311741264312,0.0037730676511611,0.0133336499659968,0.0164237654898845,0.00152438623535181,0.0328191453858174,0.0182091301743052,0.00193846288335905,0.00638448276097888,0.00291054095718036,0.0024933363447039,0.00425711175172439,0.00858448320026796,0.00203943988893519,0.00632114683941405,0.00462818837011516,0.027749202097969,0.0682521784051359,0.00349475684818589
2016,0.000674805754263507,0.000364288655614228,0.18879299585222,0.00698730736454422,0.00324123441728858,0.0328789673256516,0.00792270798313429,0.00236410184457989,0.00811167622546663,0.00442708674574935,0.00825214555747977,0.00959471541657341,0.00623291657811892,0.00747695396909746,0.00305105038821109,0.00205544278946104,0.0120546377885413,0.00718225767109729,0.0352831422053613,0.0119989476675595,0.0143433140367554,0.0100029664825915,0.000933617128931928,0.0516039793968062,0.0163274516016337,0.000288688035738057,0.00964150112992579,0.0517598531046956,0.0237943823860154,0.00251231175074247,0.015660229613445,0.00172808598358305,0.0241707435680722,0.023542199905963,0.0149768838777629,0.0129531280245219,0.0180422449985769,0.00722136863330839,0.00821357473776742,0.00586331531584412,0.00921572294675752,0.0260266873281617,0.00981813578586328,0.00135365025201431,0.0279531654558707,0.0140141975957657,0.00281258837200818,0.0046797964210157,0.0164190670792147,0.011104933137548,0.0174184776701348,0.0101508938150485,0.00174344506005511,0.0104146710746839,0.0141261931126554,0.00390275850855724,0.0233501845249347,0.016699417855239,0.00162546067394832,0.00222947059453728,0.00203711944299138,0.00693380054638249,0.00303033889423016,0.0089040827360633,0.00294682279417262,0.00286675507246942,0.00568925523221698,0.00171799241783392,0.0647065057343974,0.00358118795253369
2017,0.000773787958167141,0.000271928971624584,0.0862602293643485,0.00445254217704024,0.00864072925990718,0.0107344656507107,0.00325593099141221,0.0045431221858382,0.00825491256584527,0.00426561916852958,0.00918646551854166,0.0607478545131669,0.00631604335734042,0.0089254933583258,0.00202048908004586,0.00817238662517548,0.00802489785278971,0.00679620938151706,0.00544849389696884,0.0500288913424966,0.00712557702082352,0.0211429926192771,0.00196579647082515,0.0183668282276739,0.0153692939175547,0.00127993894148165,0.00446403416842661,0.0181358556730621,0.014294256378102,0.00719652329287257,0.00531437160239243,0.00377642446704411,0.0302293779706495,0.0155411289666639,0.0152024271030227,0.0417213843237667,0.0390506422230457,0.00946381455256459,0.0106729885971271,0.016009441522317,0.0140418748390747,0.0518154546320201,0.00418402908704943,0.00512253420448236,0.0390416272012369,0.0179889386021723,0.0031601364372642,0.00669454641033658,0.0236618936719383,0.0145369316600812,0.00464799316972671,0.00973669285132061,0.00226814723960105,0.0132614481318252,0.0294462424068584,0.00284122969993012,0.0324568206429518,0.0183311572587044,0.00219255776860984,0.00344250777704477,0.00788203430157466,0.00205719858593722,0.00371717389027898,0.0275949155895703,0.00263328401776127,0.00562901547976343,0.00482225011260782,0.00924499197076814,0.0405503821001498,0.00355239900087436
2018,0.000698850203115361,0.000283906067523538,0.0344245972303349,0.0054528473280587,0.0041887506214261,0.012255614282681,0.00520177406943715,0.00197902586766673,0.00678116821893696,0.00325696233073677,0.0102870396617167,0.0306195068853193,0.00472021182264322,0.0083000241033302,0.00267305398036412,0.00509057865859852,0.0098209107876469,0.00992181105982792,0.007464465578689,0.0708599757837576,0.00603719111872876,0.0116819033266061,0.00228482040734633,0.0802468850279494,0.0142788403734145,0.000793306992783501,0.00725490717603046,0.0182440949802169,0.02734540366859,0.00187988570167178,0.0335322556552699,0.00274087580389543,0.0222060845321611,0.0207686843458807,0.00293709508075764,0.0270257993180598,0.0405016328345307,0.00734021094607272,0.0067634879580956,0.011387686668465,0.0124239239256018,0.0439075021091493,0.0055102166474448,0.00864299283116778,0.0354367189787223,0.0126593477965479,0.00264916067930367,0.00530692864194438,0.0110793331758536,0.0104230913054921,0.0104383023749921,0.0134266555850591,0.00592594726309429,0.0161572171525295,0.032245267154731,0.00416639758276714,0.0403791591155984,0.0158373483071075,0.00248735800692481,0.00312360946660014,0.00554641898433425,0.00163048285833311,0.00545875075494568,0.0430946094646863,0.00209361992887267,0.00391970889649661,0.00454302133237525,0.00315050981095147,0.0555250067456871,0.00327926666434898
2019,0.00123333144047266,0.000324629030681454,0.17027908443062,0.00560809786928533,0.00306778360429817,0.0601250137872523,0.00548240588493946,0.00532465262193077,0.010365067927779,0.00257109188471314,0.00857560277189846,0.0156368154498,0.00526213757730178,0.00813658329473032,0.00310059261246932,0.00299071960312575,0.0118697299302547,0.00451980162611503,0.0262561413644035,0.0389698359494422,0.00868635564137816,0.00501001463160414,0.0023129509263419,0.0364890629459184,0.00883274189951927,0.000842113583591829,0.00323759090464803,0.0153377681251296,0.0266111976457899,0.0106247835914184,0.025454967447153,0.00303781935964384,0.013681150576093,0.0156790710387417,0.0256710129458954,0.0193646713129178,0.0228528631872078,0.00538684295788126,0.00963364905449849,0.00826834270071191,0.00573822332953783,0.017844205201268,0.00522534416773902,0.00422268682313826,0.0246425218460443,0.0167129557723919,0.00202032106760271,0.00567014353893773,0.0084458902366136,0.00807036953883265,0.0104500145559407,0.011213006763253,0.00314472448857575,0.0097638246245785,0.0236407675146935,0.0057395514910212,0.0170909393506815,0.0131913641156385,0.00140811411687944,0.0108712163775364,0.00812425967550795,0.00399927645065747,0.00437971842212037,0.0273747962746275,0.00203578519996055,0.00350146257841675,0.00876030194357675,0.00447630170924138,0.072068127671785,0.00345969601560421
2020,0.00080476666286037,0.000339051480565176,0.0233544565215617,0.00302564680792453,0.00272874229902122,0.0114989772290315,0.0244909846888375,0.0040948613334789,0.00914257974912229,0.00275719385907213,0.00896283060041624,0.00675724815504265,0.0056230944186308,0.0129535344838584,0.00151833140858785,0.00669952120748388,0.00911665384178577,0.01006585325061,0.0123408712138799,0.154347494516195,0.0115101383834452,0.00410281570502247,0.000981105642894301,0.0660520605917146,0.0113459124419183,0.000615667573065852,0.00741864784363799,0.0188852683464442,0.0125995277631342,0.00403654809951841,0.0224141217484542,0.00640235522509466,0.017648491208749,0.0258866697693683,0.00404623011256593,0.0150133878614901,0.0177618689811039,0.00250630622177268,0.00837117629659661,0.00761041103360312,0.00741190608375953,0.0150744557980342,0.00991244071679251,0.00720909211045526,0.031435640745446,0.0106575846442869,0.00214031982533712,0.0038645448787927,0.0114909379531999,0.0047673111594287,0.0230578896429401,0.0156159113037467,0.0024231319860573,0.00510805587053466,0.0374031365721578,0.0544468511537001,0.0196193721717975,0.0377391100394795,0.00199610415803938,0.00648712923415169,0.00789665359832753,0.00194246166627797,0.00460261235260451,0.025185584550275,0.00172971413074349,0.00384346656556438,0.00568862700505944,0.00213517833932413,0.0606431893233899,0.00264018184273607
2021,0.000993974737910908,0.000312437663047882,0.150361510027279,0.00229503513426985,0.00671054560714791,0.0140530283355116,0.0147004408088225,0.00264608449635076,0.00593768973048293,0.00283193436288277,0.00815562104177564,0.0184460919255518,0.00424708482814328,0.0107703916218059,0.00183085214538298,0.0027799194243533,0.00612909614132434,0.00522404638549318,0.0103922935855787,0.0612327684052485,0.00711488077835828,0.00583296467226156,0.00232804272114073,0.038450674715354,0.0176272115184663,0.0017863304586318,0.00284560480372554,0.0124957227742018,0.0159354376584128,0.00506465854084513,0.0326865467945617,0.00186811303526395,0.0143683880903088,0.0178244682208122,0.0222361306349152,0.0147330580322169,0.0229060969592515,0.00491822214160612,0.00548335674793301,0.00749805157276626,0.0109631057503089,0.0246474275182346,0.00883814076978554,0.00281563033813424,0.021541061271263,0.0142362629246493,0.00141641085666296,0.00327951977487644,0.0149743795210677,0.00775269541218338,0.00965591863290835,0.0103463782371757,0.00213214550964982,0.00586203651243591,0.021346504222262,0.0467220565988832,0.0194964079132285,0.0218864440745885,0.00189940981699846,0.0123997225662463,0.00833769436265919,0.00202799097499433,0.00271260114852389,0.0612208520825709,0.00151490984365469,0.00364830279802568,0.00555350296212377,0.00165297740815036,0.0645746956640432,0.00249000725431352
2022,0.00102000362270127,0.000273390278155672,0.014171932329015,0.00156207775810033,0.0031618439899291,0.00506993084471872,0.0116482772042518,0.00259665597110674,0.00509611342113303,0.00529634089008541,0.0102858929574975,0.0231909222052594,0.00618682730566039,0.0130453435307381,0.00229032338638909,0.00596054373684199,0.0120934211577865,0.00856523305883407,0.00670155337517676,0.00908348818878442,0.00689445676234619,0.00534054087675009,0.00596204250503992,0.0463137622830759,0.0292706189324098,0.00359284783297206,0.00375282539920015,0.0197407115176629,0.019508477743544,0.00225684428601816,0.04849950100707,0.00239861153287106,0.0135571196134083,0.0250661801946398,0.0075899768855985,0.010604304468837,0.0156543394597992,0.00578673938171565,0.00477261153964149,0.00512593608525094,0.0173207723623358,0.027637054872342,0.0158070520133654,0.00591213427434383,0.0247741046923785,0.00974062024388839,0.00134600947604586,0.00622427252219324,0.0121593392651827,0.00288486345026494,0.0083425540766339,0.00848212596359979,0.00571527120310457,0.0102980120813912,0.0228917465725865,0.0358832509855625,0.0176757966123035,0.0309847990491519,0.00194667040049126,0.0210841980092751,0.0104959335646782,0.000843739646734824,0.00522056249511289,0.182044606078737,0.00124881383443844,0.0118041430168559,0.00825543128169872,0.00175286123895356,0.0596065303459449,0.00262816685038887
2023,0.000946170464315636,0.000285574238341009,0.0395224306318017,0.00205219293001464,0.00407363133328867,0.0134450243519805,0.00862330925058032,0.00165371720506635,0.00795516907258737,0.00493768933304815,0.00959514305226887,0.0221418312755466,0.00784782037195959,0.00904542283092609,0.00272641316208123,0.00383361119763639,0.0173762109824958,0.0072484076762064,0.027107234225525,0.0378386459446606,0.00558560455572233,0.00543281206787177,0.00855221837985517,0.0571116446417348,0.0143869819511399,0.00297599098303815,0.00498437561679232,0.0163064920027069,0.0119606230276602,0.0126276375002936,0.021673358867185,0.00194456686713688,0.0120985333355912,0.0572612751670426,0.0189709990068558,0.0110529630269858,0.0150292846521487,0.00356847766773236,0.00779000208925766,0.00334343896492837,0.0126992944865509,0.0125425384387255,0.0121226031685894,0.00314673026212606,0.0444581510577808,0.00444652512190123,0.00719698354818819,0.0108553951897982,0.00851613634443812,0.00926567393568352,0.0285308917747519,0.0176378348979662,0.00619007248619094,0.00890366197448997,0.0290003989667043,0.0165535767397991,0.0136795968370292,0.020418678785653,0.00199278160174011,0.00412548850234493,0.00391239098337465,0.0011525436175356,0.00200040852156856,0.135468869790172,0.00249858260892075,0.00595470296025633,0.00319030832844879,0.00339784560964453,0.0459204701809607,0.00330793337665597
2024,0.000875360515277953,0.000239215386549914,0.0266136499895306,0.00100723957013261,0.00266748647956555,0.00742826471714863,0.0107707525317015,0.00872111929991141,0.00454637648502893,0.0024909053684415,0.0143314187064869,0.0217576071173893,0.0117559110960635,0.00560836917754181,0.00167873627571608,0.0044848805258383,0.0118313330885654,0.00587043584453092,0.0109950015163679,0.0110203076528184,0.00714269856603159,0.00495889173240131,0.0101071556505897,0.0691822815572691,0.00905341363471696,0.00213863292347722,0.0085703823005018,0.0233964549483259,0.0231356488653792,0.0170050801110376,0.0248431661424928,0.00236975178205642,0.0266814134003654,0.0240298798959738,0.00142516456892619,0.00982508739733759,0.0223550929491162,0.00613512059857521,0.0058056216807467,0.0056194100620109,0.00674595467593345,0.0428862333133902,0.0137870085362747,0.003393957519429,0.0238651289756284,0.0165808059637611,0.00285733243331176,0.0108703364034626,0.00845769252092804,0.0164328045469985,0.00412067329212144,0.0136677729811187,0.0103617177255477,0.00872937076584883,0.0425659598433577,0.0218305943975765,0.0207070434189915,0.0149035006209903,0.00232096873368471,0.0103971078826896,0.0209978891332188,0.00291678693700351,0.00207124625079248,0.136582977305056,0.00227935357811496,0.0037558585510826,0.00340087626405871,0.00253680197180675,0.0583690953757593,0.00313242997012343
